'id';'code';'name';'parent_id/id'
'material.product_category_finish';;'成品';
'material.product_category_material';;'物料';
'material.product_category_material_1';'01';'生产主料';'material.product_category_material'
'material.product_category_material_1_1';'01';'板料类';'material.product_category_material_1'
'material.product_category_material_1_1_1';'01';'s1141';'material.product_category_material_1_1'
'material.product_category_material_1_1_10';'10';'P级板FR-4 S1141';'material.product_category_material_1_1'
'material.product_category_material_1_1_11';'11';'聚鼎铝基板PTTC（（高导热铝基板））';'material.product_category_material_1_1'
'material.product_category_material_1_1_12';'12';'国产铝基板';'material.product_category_material_1_1'
'material.product_category_material_1_1_13';'13';'铁基板CFAF-01';'material.product_category_material_1_1'
'material.product_category_material_1_1_14';'14';'IT150DATC';'material.product_category_material_1_1'
'material.product_category_material_1_1_15';'15';'IT158';'material.product_category_material_1_1'
'material.product_category_material_1_1_16';'16';'IT180A';'material.product_category_material_1_1'
'material.product_category_material_1_1_17';'17';'Rogers4003C';'material.product_category_material_1_1'
'material.product_category_material_1_1_18';'18';'Rogers4350B';'material.product_category_material_1_1'
'material.product_category_material_1_1_19';'19';'Rogers5880';'material.product_category_material_1_1'
'material.product_category_material_1_1_2';'02';'CEM-3  S2130';'material.product_category_material_1_1'
'material.product_category_material_1_1_20';'20';'Rogers4233';'material.product_category_material_1_1'
'material.product_category_material_1_1_21';'21';'RogersTMM10';'material.product_category_material_1_1'
'material.product_category_material_1_1_22';'22';'RogersTMM4';'material.product_category_material_1_1'
'material.product_category_material_1_1_23';'23';'Rogers3003';'material.product_category_material_1_1'
'material.product_category_material_1_1_24';'24';'TaconicTLA-6';'material.product_category_material_1_1'
'material.product_category_material_1_1_25';'25';'TaconicTLC-32';'material.product_category_material_1_1'
'material.product_category_material_1_1_26';'26';'TaconicTLX-6';'material.product_category_material_1_1'
'material.product_category_material_1_1_27';'27';'TaconicTLX-7';'material.product_category_material_1_1'
'material.product_category_material_1_1_28';'28';'TaconicTLX-8';'material.product_category_material_1_1'
'material.product_category_material_1_1_29';'29';'TaconicTRF-45';'material.product_category_material_1_1'
'material.product_category_material_1_1_3';'03';'CEM-3 ST210';'material.product_category_material_1_1'
'material.product_category_material_1_1_30';'30';'TaconicTSM-30';'material.product_category_material_1_1'
'material.product_category_material_1_1_31';'31';'TaconicTLX-9';'material.product_category_material_1_1'
'material.product_category_material_1_1_32';'32';'TaconicTLY-5';'material.product_category_material_1_1'
'material.product_category_material_1_1_33';'33';'TaconicTLK-8';'material.product_category_material_1_1'
'material.product_category_material_1_1_34';'34';'TaconicRF-35A2';'material.product_category_material_1_1'
'material.product_category_material_1_1_35';'35';'TaconicRF-60';'material.product_category_material_1_1'
'material.product_category_material_1_1_36';'36';'TaconicRF-30';'material.product_category_material_1_1'
'material.product_category_material_1_1_37';'37';'TaconicRF-35';'material.product_category_material_1_1'
'material.product_category_material_1_1_39';'39';'TaconicLCAM';'material.product_category_material_1_1'
'material.product_category_material_1_1_4';'04';'FR-4  S1000-2';'material.product_category_material_1_1'
'material.product_category_material_1_1_40';'40';'ArlonTC350L';'material.product_category_material_1_1'
'material.product_category_material_1_1_41';'41';'Arlon25FR';'material.product_category_material_1_1'
'material.product_category_material_1_1_42';'42';'Arlon25N';'material.product_category_material_1_1'
'material.product_category_material_1_1_43';'43';'ArlonAD1000';'material.product_category_material_1_1'
'material.product_category_material_1_1_44';'44';'ArlonAD255A';'material.product_category_material_1_1'
'material.product_category_material_1_1_45';'45';'ArlonAD255C';'material.product_category_material_1_1'
'material.product_category_material_1_1_46';'46';'ArlonAD255L';'material.product_category_material_1_1'
'material.product_category_material_1_1_47';'47';'ArlonAD350A';'material.product_category_material_1_1'
'material.product_category_material_1_1_48';'48';'Arlon250GX';'material.product_category_material_1_1'
'material.product_category_material_1_1_49';'49';'Arlon55NT';'material.product_category_material_1_1'
'material.product_category_material_1_1_5';'05';'FR-4  S1000H';'material.product_category_material_1_1'
'material.product_category_material_1_1_50';'50';'Arlon85N';'material.product_category_material_1_1'
'material.product_category_material_1_1_51';'51';'Arlon870B';'material.product_category_material_1_1'
'material.product_category_material_1_1_52';'52';'ArlonAD450A';'material.product_category_material_1_1'
'material.product_category_material_1_1_53';'53';'ArlonAD450L';'material.product_category_material_1_1'
'material.product_category_material_1_1_54';'54';'ArlonDiclad527';'material.product_category_material_1_1'
'material.product_category_material_1_1_55';'55';'ArlonDiclad880';'material.product_category_material_1_1'
'material.product_category_material_1_1_56';'56';'ArlonGX';'material.product_category_material_1_1'
'material.product_category_material_1_1_57';'57';'ArlonTC600L';'material.product_category_material_1_1'
'material.product_category_material_1_1_58';'58';'Arlon92ml';'material.product_category_material_1_1'
'material.product_category_material_1_1_59';'59';'ArlonGetek mil200C';'material.product_category_material_1_1'
'material.product_category_material_1_1_6';'06';'FR-4  S1155';'material.product_category_material_1_1'
'material.product_category_material_1_1_60';'60';'陶瓷板料';'material.product_category_material_1_1'
'material.product_category_material_1_1_61';'61';'TaconicTLT-9';'material.product_category_material_1_1'
'material.product_category_material_1_1_62';'62';'isola板料';'material.product_category_material_1_1'
'material.product_category_material_1_1_63';'63';'贝格期铝基板';'material.product_category_material_1_1'
'material.product_category_material_1_1_64';'64';'聚四氟乙烯板料';'material.product_category_material_1_1'
'material.product_category_material_1_1_65';'65';'复合介质板';'material.product_category_material_1_1'
'material.product_category_material_1_1_66';'66';'S1600的板料';'material.product_category_material_1_1'
'material.product_category_material_1_1_67';'67';'ArlonAD255IM';'material.product_category_material_1_1'
'material.product_category_material_1_1_68';'68';'N4380-13';'material.product_category_material_1_1'
'material.product_category_material_1_1_69';'69';'FR-4  S1170';'material.product_category_material_1_1'
'material.product_category_material_1_1_7';'07';'FR-4  S1165';'material.product_category_material_1_1'
'material.product_category_material_1_1_70';'70';'南亚';'material.product_category_material_1_1'
'material.product_category_material_1_1_71';'71';'Rogers3010';'material.product_category_material_1_1'
'material.product_category_material_1_1_72';'72';'RogersRT6035HTC';'material.product_category_material_1_1'
'material.product_category_material_1_1_73';'73';'S1130';'material.product_category_material_1_1'
'material.product_category_material_1_1_74';'74';'FR-4  SH260';'material.product_category_material_1_1'
'material.product_category_material_1_1_75';'75';'FR-4  S1150G';'material.product_category_material_1_1'
'material.product_category_material_1_1_76';'76';'FR-4  S7439';'material.product_category_material_1_1'
'material.product_category_material_1_1_77';'77';'ArlonCLTE-AT';'material.product_category_material_1_1'
'material.product_category_material_1_1_78';'78';'Rogers4360';'material.product_category_material_1_1'
'material.product_category_material_1_1_79';'79';'Rogers3006';'material.product_category_material_1_1'
'material.product_category_material_1_1_8';'08';'FR-4  S7136';'material.product_category_material_1_1'
'material.product_category_material_1_1_80';'80';'TaconicCER-10';'material.product_category_material_1_1'
'material.product_category_material_1_1_81';'81';'S1000-2M';'material.product_category_material_1_1'
'material.product_category_material_1_1_82';'82';'补强板';'material.product_category_material_1_1'
'material.product_category_material_1_1_83';'83';'松下板料';'material.product_category_material_1_1'
'material.product_category_material_1_1_84';'84';'台耀TU872板料';'material.product_category_material_1_1'
'material.product_category_material_1_1_85';'85';'南亚CEM-3板料';'material.product_category_material_1_1'
'material.product_category_material_1_1_86';'86';'聚醚酰亚胺';'material.product_category_material_1_1'
'material.product_category_material_1_1_87';'87';'FR-4  S1190';'material.product_category_material_1_1'
'material.product_category_material_1_1_88';'88';'ST115B ';'material.product_category_material_1_1'
'material.product_category_material_1_1_89';'89';'Rogers3203的板料';'material.product_category_material_1_1'
'material.product_category_material_1_1_9';'09';'FR-4  S7438';'material.product_category_material_1_1'
'material.product_category_material_1_1_90';'90';'S7038';'material.product_category_material_1_1'
'material.product_category_material_1_1_91';'91';'ArlonAD250A的板料';'material.product_category_material_1_1'
'material.product_category_material_1_11';'11';'硅胶';'material.product_category_material_1'
'material.product_category_material_1_11_01';'01';'硅胶';'material.product_category_material_1_11_01'
'material.product_category_material_1_2';'02';'油墨';'material.product_category_material_1'
'material.product_category_material_1_2_1';'01';'字符油墨';'material.product_category_material_1_2'
'material.product_category_material_1_2_1_000';'000';'字符油墨';'material.product_category_material_1_2_1'
'material.product_category_material_1_2_2';'02';'阻焊油墨';'material.product_category_material_1_2'
'material.product_category_material_1_2_2_000';'000';'阻焊油墨';'material.product_category_material_1_2_2'
'material.product_category_material_1_2_3';'03';'线路油墨';'material.product_category_material_1_2'
'material.product_category_material_1_2_3_000';'000';'线路油墨';'material.product_category_material_1_2_3'
'material.product_category_material_1_3';'03';'铜箔';'material.product_category_material_1'
'material.product_category_material_1_3_0';'00';'铜箔';'material.product_category_material_1_3'
'material.product_category_material_1_3_0_000';'000';'铜箔';'material.product_category_material_1_3_0'
'material.product_category_material_1_4';'04';'铝板';'material.product_category_material_1'
'material.product_category_material_1_4_0';'00';'铝板';'material.product_category_material_1_4'
'material.product_category_material_1_4_0_000';'000';'铝板';'material.product_category_material_1_4_0'
'material.product_category_material_1_5';'05';'紫铜';'material.product_category_material_1'
'material.product_category_material_1_5_0';'00';'紫铜';'material.product_category_material_1_5'
'material.product_category_material_1_5_0_000';'000';'紫铜';'material.product_category_material_1_5_0'
'material.product_category_material_1_5_1';'01';'黄铜';'material.product_category_material_1_5'
'material.product_category_material_1_5_1_000';'000';'黄铜';'material.product_category_material_1_5_1'
'material.product_category_material_1_6';'06';'RCC';'material.product_category_material_1'
'material.product_category_material_1_6_0';'00';'RCC';'material.product_category_material_1_6'
'material.product_category_material_1_6_0_000';'000';'RCC';'material.product_category_material_1_6_0'
'material.product_category_material_1_7';'07';'半固化片';'material.product_category_material_1'
'material.product_category_material_1_7_1';'01';'S0165';'material.product_category_material_1_7'
'material.product_category_material_1_7_1_000';'000';'S0165半固化片';'material.product_category_material_1_7_1'
'material.product_category_material_1_7_10';'10';'S0101';'material.product_category_material_1_7'
'material.product_category_material_1_7_10_000';'000';'S0101半固化片';'material.product_category_material_1_7_10'
'material.product_category_material_1_7_11';'11';'SP170G';'material.product_category_material_1_7'
'material.product_category_material_1_7_11_000';'000';'SP170G半固化片';'material.product_category_material_1_7_11'
'material.product_category_material_1_7_12';'12';'ST115B ';'material.product_category_material_1_7'
'material.product_category_material_1_7_12_000';'000';'ST115B 半固化片';'material.product_category_material_1_7_12'
'material.product_category_material_1_7_13';'13';'IT140GBS';'material.product_category_material_1_7'
'material.product_category_material_1_7_13_000';'000';'IT140GBS半固化片';'material.product_category_material_1_7_13'
'material.product_category_material_1_7_14';'14';'SH260';'material.product_category_material_1_7'
'material.product_category_material_1_7_14_000';'000';'SH260半固化片';'material.product_category_material_1_7_14'
'material.product_category_material_1_7_15';'15';' SP120N';'material.product_category_material_1_7'
'material.product_category_material_1_7_15_000';'000';' SP120N半固化片';'material.product_category_material_1_7_15'
'material.product_category_material_1_7_16';'16';'S1150GB';'material.product_category_material_1_7'
'material.product_category_material_1_7_16_000';'000';'S1150GB半固化片';'material.product_category_material_1_7_16'
'material.product_category_material_1_7_17';'17';'S1000';'material.product_category_material_1_7'
'material.product_category_material_1_7_17_000';'000';'S1000半固化片';'material.product_category_material_1_7_17'
'material.product_category_material_1_7_18';'18';'S7439';'material.product_category_material_1_7'
'material.product_category_material_1_7_18_000';'000';'S7439半固化片';'material.product_category_material_1_7_18'
'material.product_category_material_1_7_19';'19';'isola';'material.product_category_material_1_7'
'material.product_category_material_1_7_19_000';'000';'isola半固化片';'material.product_category_material_1_7_19'
'material.product_category_material_1_7_2';'02';'S0401';'material.product_category_material_1_7'
'material.product_category_material_1_7_2_000';'000';'S0401半固化片';'material.product_category_material_1_7_2'
'material.product_category_material_1_7_21';'21';'Rogers4450F';'material.product_category_material_1_7'
'material.product_category_material_1_7_21_000';'000';'Rogers4450F半固化片';'material.product_category_material_1_7_21'
'material.product_category_material_1_7_22';'22';'高导热半固化片';'material.product_category_material_1_7'
'material.product_category_material_1_7_22_000';'000';'高导热半固化片';'material.product_category_material_1_7_22'
'material.product_category_material_1_7_23';'23';'S1190半固化片';'material.product_category_material_1_7'
'material.product_category_material_1_7_23_000';'000';'S1190半固化片';'material.product_category_material_1_7_23'
'material.product_category_material_1_7_24';'24';'台耀半固化片';'material.product_category_material_1_7'
'material.product_category_material_1_7_24_000';'000';'台耀半固化片';'material.product_category_material_1_7_24'
'material.product_category_material_1_7_25';'25';'松下半固化片';'material.product_category_material_1_7'
'material.product_category_material_1_7_25_000';'000';'松下半固化片';'material.product_category_material_1_7_25'
'material.product_category_material_1_7_26';'26';'腾辉半固化片';'material.product_category_material_1_7'
'material.product_category_material_1_7_26_000';'000';'腾辉半固化片';'material.product_category_material_1_7_26'
'material.product_category_material_1_7_27';'27';'生益半固化片DP130N';'material.product_category_material_1_7'
'material.product_category_material_1_7_27_000';'000';'生益半固化片DP130N';'material.product_category_material_1_7_27'
'material.product_category_material_1_7_28';'28';'生益半固化片S7038B';'material.product_category_material_1_7'
'material.product_category_material_1_7_28_000';'000';'生益半固化片S7038B';'material.product_category_material_1_7_28'
'material.product_category_material_1_7_3';'03';'S1000-2B';'material.product_category_material_1_7'
'material.product_category_material_1_7_3_000';'000';'S1000-2B半固化片';'material.product_category_material_1_7_3'
'material.product_category_material_1_7_3_001';'001';'S1000-2MB半固化片';'material.product_category_material_1_7_3'
'material.product_category_material_1_7_4';'04';'S1860B';'material.product_category_material_1_7'
'material.product_category_material_1_7_4_000';'000';'S1860B半固化片';'material.product_category_material_1_7_4'
'material.product_category_material_1_7_5';'05';'ARLON';'material.product_category_material_1_7'
'material.product_category_material_1_7_5_000';'000';'ARLON半固化片';'material.product_category_material_1_7_5'
'material.product_category_material_1_7_6';'06';'IT150DATC';'material.product_category_material_1_7'
'material.product_category_material_1_7_6_000';'000';'IT150DATC半固化片';'material.product_category_material_1_7_6'
'material.product_category_material_1_7_7';'07';'IT158';'material.product_category_material_1_7'
'material.product_category_material_1_7_7_000';'000';'IT158/IT158BS半固化片';'material.product_category_material_1_7_7'
'material.product_category_material_1_7_8';'08';'IT180A';'material.product_category_material_1_7'
'material.product_category_material_1_7_8_000';'000';'IT180A/IT180BS半固化片';'material.product_category_material_1_7_8'
'material.product_category_material_1_7_9';'09';'S1000HB';'material.product_category_material_1_7'
'material.product_category_material_1_7_9_000';'000';'S1000HB半固化片';'material.product_category_material_1_7_9'
'material.product_category_material_1_8';'08';'软板类';'material.product_category_material_1'
'material.product_category_material_1_8_1';'01';'不流胶半固化片';'material.product_category_material_1_8'
'material.product_category_material_1_8_1_000';'000';'不流胶半固化片(SF302C 0520)';'material.product_category_material_1_8_1'
'material.product_category_material_1_8_2';'02';'纯胶PP';'material.product_category_material_1_8'
'material.product_category_material_1_8_2_000';'000';'纯胶PP';'material.product_category_material_1_8_2'
'material.product_category_material_1_8_3';'03';'覆盖膜';'material.product_category_material_1_8'
'material.product_category_material_1_8_3_000';'000';'覆盖膜';'material.product_category_material_1_8_3'
'material.product_category_material_1_8_4';'04';'聚酰亚胺';'material.product_category_material_1_8'
'material.product_category_material_1_8_4_000';'000';'聚酰亚胺';'material.product_category_material_1_8_4'
'material.product_category_material_1_8_5';'05';'杜邦的板料';'material.product_category_material_1_8'
'material.product_category_material_1_8_5_020';'020';'杜邦的板料';'material.product_category_material_1_8_5'
'material.product_category_material_1_8_6';'06';'联茂软板';'material.product_category_material_1_8'
'material.product_category_material_1_8_6_010';'010';'联茂软板';'material.product_category_material_1_8_6'
'material.product_category_material_2';'02';'生产辅料';'material.product_category_material'
'material.product_category_material_2_1';'01';'图形物料';'material.product_category_material_2'
'material.product_category_material_2_1_1';'01';'图形重氮片';'material.product_category_material_2_1'
'material.product_category_material_2_1_1_000';'000';'图形重氮片';'material.product_category_material_2_1_1'
'material.product_category_material_2_1_2';'02';'图形干膜';'material.product_category_material_2_1'
'material.product_category_material_2_1_2_000';'000';'图形干膜';'material.product_category_material_2_1_2'
'material.product_category_material_2_1_2_001';'001';'图形干膜';'material.product_category_material_2_1_2'
'material.product_category_material_2_1_3';'03';'图形辅助类';'material.product_category_material_2_1'
'material.product_category_material_2_1_3_000';'000';'图形辅助类';'material.product_category_material_2_1_3'
'material.product_category_material_2_1_4';'04';'图形拉网';'material.product_category_material_2_1'
'material.product_category_material_2_1_4_000';'000';'图形拉网';'material.product_category_material_2_1_4'
'material.product_category_material_2_2';'02';'光绘物料';'material.product_category_material_2'
'material.product_category_material_2_2_1';'01';'光绘物料';'material.product_category_material_2_2'
'material.product_category_material_2_2_1_000';'000';'光绘物料';'material.product_category_material_2_2_1'
'material.product_category_material_2_3';'03';'机加物料';'material.product_category_material_2'
'material.product_category_material_2_3_1';'01';'UC钻头';'material.product_category_material_2_3'
'material.product_category_material_2_3_10';'10';'沉孔刀';'material.product_category_material_2_3'
'material.product_category_material_2_3_10_000';'000';'沉孔刀';'material.product_category_material_2_3_10'
'material.product_category_material_2_3_11';'11';'倒角刀类';'material.product_category_material_2_3'
'material.product_category_material_2_3_11_000';'000';'倒角刀类';'material.product_category_material_2_3_11'
'material.product_category_material_2_3_12';'12';'铣靶刀类';'material.product_category_material_2_3'
'material.product_category_material_2_3_12_000';'000';'铣靶刀类';'material.product_category_material_2_3_12'
'material.product_category_material_2_3_13';'13';'斜边刀类';'material.product_category_material_2_3'
'material.product_category_material_2_3_13_000';'000';'斜边刀类';'material.product_category_material_2_3_13'
'material.product_category_material_2_3_14';'14';'丝印定位片';'material.product_category_material_2_3'
'material.product_category_material_2_3_14_000';'000';'丝印定位片';'material.product_category_material_2_3_14'
'material.product_category_material_2_3_14_001';'001';'刺穿钉';'material.product_category_material_2_3_14'
'material.product_category_material_2_3_15';'15';'特殊板';'material.product_category_material_2_3'
'material.product_category_material_2_3_15_000';'000';'特殊板';'material.product_category_material_2_3_15'
'material.product_category_material_2_3_16';'16';'铆钉';'material.product_category_material_2_3'
'material.product_category_material_2_3_16_000';'000';'铆钉';'material.product_category_material_2_3_16'
'material.product_category_material_2_3_17';'17';'离型膜';'material.product_category_material_2_3'
'material.product_category_material_2_3_17_000';'000';'离型膜';'material.product_category_material_2_3_17'
'material.product_category_material_2_3_18';'18';'清洁布';'material.product_category_material_2_3'
'material.product_category_material_2_3_18_000';'000';'清洁布';'material.product_category_material_2_3_18'
'material.product_category_material_2_3_2';'02';'涂层钻头';'material.product_category_material_2_3'
'material.product_category_material_2_3_2_1';'001';'金刚石涂层';'material.product_category_material_2_3_1'
'material.product_category_material_2_3_3';'03';'钻头';'material.product_category_material_2_3'
'material.product_category_material_2_3_3_0';'000';'金洲钻头';'material.product_category_material_2_3_3'
'material.product_category_material_2_3_3_1';'001';'双刃钻头';'material.product_category_material_2_3_3'
'material.product_category_material_2_3_3_2';'002';'新野钻头';'material.product_category_material_2_3_3'
'material.product_category_material_2_3_4';'04';'普通铣刀';'material.product_category_material_2_3'
'material.product_category_material_2_3_4_0';'000';'金洲铣刀';'material.product_category_material_2_3_4'
'material.product_category_material_2_3_4_1';'001';'新野铣刀';'material.product_category_material_2_3_4'
'material.product_category_material_2_3_5';'05';'特殊铣刀';'material.product_category_material_2_3'
'material.product_category_material_2_3_5_000';'000';'特殊铣刀';'material.product_category_material_2_3_5'
'material.product_category_material_2_3_6';'06';'槽刀';'material.product_category_material_2_3'
'material.product_category_material_2_3_6_000';'000';'槽刀';'material.product_category_material_2_3_6'
'material.product_category_material_2_3_7';'07';'销钉';'material.product_category_material_2_3'
'material.product_category_material_2_3_7_000';'000';'销钉';'material.product_category_material_2_3_7'
'material.product_category_material_2_3_8';'08';'套环';'material.product_category_material_2_3'
'material.product_category_material_2_3_8_000';'000';'套环';'material.product_category_material_2_3_8'
'material.product_category_material_2_3_9';'09';'V割刀';'material.product_category_material_2_3'
'material.product_category_material_2_3_9_000';'000';'V割刀';'material.product_category_material_2_3_9'
'material.product_category_material_2_4';'04';'生产化学药品';'material.product_category_material_2'
'material.product_category_material_2_4_1';'01';'化学药品';'material.product_category_material_2_4'
'material.product_category_material_2_4_1_0';'000';'化学药品';'material.product_category_material_2_4_1'
'material.product_category_material_2_4_1_1';'001';'OSP药水';'material.product_category_material_2_4_1'
'material.product_category_material_2_4_2';'02';'化学试剂仪器';'material.product_category_material_2_4'
'material.product_category_material_3';'03';'耗材';'material.product_category_material'
'material.product_category_material_3_1';'01';'生产用耗材';'material.product_category_material_3'
'material.product_category_material_3_1_1';'01';'胶带类';'material.product_category_material_3_1'
'material.product_category_material_3_1_2';'02';'胶带类';'material.product_category_material_3_1'
'material.product_category_material_3_1_2_0';'000';'液体胶';'material.product_category_material_3_1_2'
'material.product_category_material_3_1_2_1';'001';'粘合剂';'material.product_category_material_3_1_2'
'material.product_category_material_3_1_3';'03';'包装类';'material.product_category_material_3_1'
'material.product_category_material_3_1_4';'04';'设备上用耗材';'material.product_category_material_3_1'
'material.product_category_material_3_1_4_0';'000';'设备上用耗材';'material.product_category_material_3_1_4'
'material.product_category_material_3_1_4_1';'001';'冲片机配件';'material.product_category_material_3_1_4'
'material.product_category_material_3_1_4_2';'002';'钻孔垫木板';'material.product_category_material_3_1_4'
'material.product_category_material_3_1_4_3';'003';'重型磨板机传送带更换';'material.product_category_material_3_1_4'
'material.product_category_material_3_1_5';'05';'生产用其他耗材';'material.product_category_material_3_1'
'material.product_category_material_3_1_5_0';'000';'生产用其他耗材';'material.product_category_material_3_1_5'
'material.product_category_material_3_1_5_1';'001';'隔板胶片';'material.product_category_material_3_1_5'
'material.product_category_material_3_1_5_2';'002';'劳保防护用品';'material.product_category_material_3_1_5'
'material.product_category_material_3_1_5_3';'003';'生日礼品';'material.product_category_material_3_1_5'
'material.product_category_material_3_1_5_4';'004';'工作服';'material.product_category_material_3_1_5'
'material.product_category_material_3_1_5_5';'005';'服务费';'material.product_category_material_3_1_5'
'material.product_category_material_4';'04';'维修配件';'material.product_category_material'
'material.product_category_material_4_1';'01';'机修类物料';'material.product_category_material_4'
'material.product_category_material_4_1_0';'00';'机修配件';'material.product_category_material_4_1'
'material.product_category_material_4_1_1';'01';'过滤材料';'material.product_category_material_4_1'
'material.product_category_material_4_1_1_1';'001';'过滤网';'material.product_category_material_4_1_1'
'material.product_category_material_4_1_2';'02';'空压机耗材';'material.product_category_material_4_1'
'material.product_category_material_4_1_3';'03';'涂布线耗材';'material.product_category_material_4_1'
'material.product_category_material_4_1_4';'04';'工具维修';'material.product_category_material_4_1'
'material.product_category_material_4_1_5';'05';'电线电缆、灯';'material.product_category_material_4_1'
'material.product_category_material_5';'05';'办公用品';'material.product_category_material'
'material.product_category_material_5_1';'01';'IT资源类';'material.product_category_material_5'
'material.product_category_material_5_1_1';'01';'电脑配件';'material.product_category_material_5_1'
'material.product_category_material_5_1_2';'02';'电脑工具';'material.product_category_material_5_1'
'material.product_category_material_5_2';'02';'文具类';'material.product_category_material_5'
'material.product_category_material_5_2_1';'01';'笔类';'material.product_category_material_5_2'
'material.product_category_material_5_2_2';'02';'纸类';'material.product_category_material_5_2'
'material.product_category_material_5_2_3';'03';'办公设备耗材';'material.product_category_material_5_2'
'material.product_category_material_5_2_4';'04';'办公耗材';'material.product_category_material_5_2'
'material.product_category_material_6';'06';'固定资产类';'material.product_category_material'
'material.product_category_material_6_1';'01';'固定资产类';'material.product_category_material_6'
'material.product_category_material_7';'07';'生产工具类';'material.product_category_material'
'material.product_category_material_7_1';'01';'测量工具';'material.product_category_material_7'
'material.product_category_material_7_2';'02';'周转箱';'material.product_category_material_7'
'material.product_category_material_7_3';'03';'辅助类工具';'material.product_category_material_7'
'material.product_category_material_7_4';'04';'化验室仪器';'material.product_category_material_7'
'material.product_category_material_7_5';'05';'模具';'material.product_category_material_7'
'material.product_category_material_8';'08';'食品';'material.product_category_material'
'material.product_category_material_8_1';'01';'食堂物料';'material.product_category_material_8'
'material.product_category_material_8_1_1';'01';'厨房配件';'material.product_category_material_8_1'
'material.product_category_material_8_2';'02';'凉茶';'material.product_category_material_8'
'material.product_category_material_8_2_2';'02';'食品';'material.product_category_material_8_2'
'material.product_category_material_9';'09';'外协\服务类';'material.product_category_material'
'material.product_category_material_9_1';'01';'修金';'material.product_category_material_9'
'material.product_category_material_9_2';'02';'测试架';'material.product_category_material_9'
'material.product_category_material_9_3';'03';'喷砂';'material.product_category_material_9'
'material.product_category_material_9_4';'04';'沉金';'material.product_category_material_9'
'material.product_category_material_9_5';'05';'外校测试';'material.product_category_material_9'
'material.product_category_material_9_5_1';'01';'培训证书';'material.product_category_material_9_5'
'material.product_category_material_9_5_2';'02';'回流焊';'material.product_category_material_9_5'
'material.product_category_material_9_6';'06';'树脂塞孔';'material.product_category_material_9'
'material.product_category_material_9_7';'07';'低阻测试';'material.product_category_material_9'
'material.product_category_material_9_8';'08';'灭火器';'material.product_category_material_9'
'material.product_category_material_9_9';'09';'服务';'material.product_category_material_9'
'material.product_category_material_9_9_1';'01';'维修';'material.product_category_material_9_9'
'material.product_category_material_9_9_2';'02';'包年服务';'material.product_category_material_9_9'
'material.product_category_material_9_9_3';'03';'安装';'material.product_category_material_9_9'
'material.product_category_material_9_9_4';'04';'工程';'material.product_category_material_9_9'
'material.product_category_material_9_9_4_1';'001';'岩棉板及工具';'material.product_category_material_9_9_4'
'material.product_category_material_9_9_5';'05';'外发钻头研磨';'material.product_category_material_9_9'
'material.product_category_material_9_9_6';'06';'外发喷锡';'material.product_category_material_9_9'
'material.product_category_material_1_1_1_010';'010';'0.10mm(不含铜)板厚';'material.product_category_material_1_1_1'
'material.product_category_material_1_1_1_011';'011';'0.11mm(不含铜)板厚';'material.product_category_material_1_1_1'
'material.product_category_material_1_1_1_013';'013';'0.13mm(不含铜)板厚';'material.product_category_material_1_1_1'
'material.product_category_material_1_1_1_015';'015';'0.15mm(不含铜)板厚';'material.product_category_material_1_1_1'
'material.product_category_material_1_1_1_018';'018';'0.18mm(不含铜)板厚';'material.product_category_material_1_1_1'
'material.product_category_material_1_1_1_021';'021';'0.21mm(不含铜)板厚';'material.product_category_material_1_1_1'
'material.product_category_material_1_1_1_023';'023';'0.23mm(不含铜)板厚';'material.product_category_material_1_1_1'
'material.product_category_material_1_1_1_025';'025';'0.25mm(不含铜)板厚';'material.product_category_material_1_1_1'
'material.product_category_material_1_1_1_020';'020';'0.20mm板厚';'material.product_category_material_1_1_1'
'material.product_category_material_1_1_1_028';'028';'0.28mm板厚';'material.product_category_material_1_1_1'
'material.product_category_material_1_1_1_035';'035';'0.35mm板厚';'material.product_category_material_1_1_1'
'material.product_category_material_1_1_1_036';'036';'0.36mm板厚';'material.product_category_material_1_1_1'
'material.product_category_material_1_1_1_030';'030';'0.30mm板厚';'material.product_category_material_1_1_1'
'material.product_category_material_1_1_1_040';'040';'0.40mm板厚';'material.product_category_material_1_1_1'
'material.product_category_material_1_1_1_050';'050';'0.50mm板厚';'material.product_category_material_1_1_1'
'material.product_category_material_1_1_1_060';'060';'0.60mm板厚';'material.product_category_material_1_1_1'
'material.product_category_material_1_1_1_070';'070';'0.70mm板厚';'material.product_category_material_1_1_1'
'material.product_category_material_1_1_1_080';'080';'0.80mm板厚';'material.product_category_material_1_1_1'
'material.product_category_material_1_1_1_090';'090';'0.90mm板厚';'material.product_category_material_1_1_1'
'material.product_category_material_1_1_1_100';'100';'1.00mm板厚';'material.product_category_material_1_1_1'
'material.product_category_material_1_1_1_110';'110';'1.10mm板厚';'material.product_category_material_1_1_1'
'material.product_category_material_1_1_1_120';'120';'1.20mm板厚';'material.product_category_material_1_1_1'
'material.product_category_material_1_1_1_130';'130';'1.30mm板厚';'material.product_category_material_1_1_1'
'material.product_category_material_1_1_1_140';'140';'1.40mm板厚';'material.product_category_material_1_1_1'
'material.product_category_material_1_1_1_150';'150';'1.50mm板厚';'material.product_category_material_1_1_1'
'material.product_category_material_1_1_1_160';'160';'1.60mm板厚';'material.product_category_material_1_1_1'
'material.product_category_material_1_1_1_170';'170';'1.70mm板厚';'material.product_category_material_1_1_1'
'material.product_category_material_1_1_1_180';'180';'1.80mm板厚';'material.product_category_material_1_1_1'
'material.product_category_material_1_1_1_200';'200';'2.00mm板厚';'material.product_category_material_1_1_1'
'material.product_category_material_1_1_1_220';'220';'2.20mm板厚';'material.product_category_material_1_1_1'
'material.product_category_material_1_1_1_240';'240';'2.40mm板厚';'material.product_category_material_1_1_1'
'material.product_category_material_1_1_1_250';'250';'2.50mm板厚';'material.product_category_material_1_1_1'
'material.product_category_material_1_1_1_270';'270';'2.70mm板厚';'material.product_category_material_1_1_1'
'material.product_category_material_1_1_1_280';'280';'2.80mm板厚';'material.product_category_material_1_1_1'
'material.product_category_material_1_1_1_300';'300';'3.00mm板厚';'material.product_category_material_1_1_1'
'material.product_category_material_1_1_1_320';'320';'3.20mm板厚';'material.product_category_material_1_1_1'
'material.product_category_material_1_1_2_160';'160';'1.60mm板厚';'material.product_category_material_1_1_2'
'material.product_category_material_1_1_2_150';'150';'1.50mm板厚';'material.product_category_material_1_1_2'
'material.product_category_material_1_1_2_240';'240';'2.40mm板厚';'material.product_category_material_1_1_2'
'material.product_category_material_1_1_2_100';'100';'1.00mm板厚';'material.product_category_material_1_1_2'
'material.product_category_material_1_1_3_100';'100';'1.00mm板厚';'material.product_category_material_1_1_3'
'material.product_category_material_1_1_3_160';'160';'1.60mm板厚';'material.product_category_material_1_1_3'
'material.product_category_material_1_1_4_010';'010';'0.10mm(不含铜)板厚';'material.product_category_material_1_1_4'
'material.product_category_material_1_1_4_011';'011';'0.11mm(不含铜)板厚';'material.product_category_material_1_1_4'
'material.product_category_material_1_1_4_013';'013';'0.13mm(不含铜)板厚';'material.product_category_material_1_1_4'
'material.product_category_material_1_1_4_015';'015';'0.15mm(不含铜)板厚';'material.product_category_material_1_1_4'
'material.product_category_material_1_1_4_018';'018';'0.18mm(不含铜)板厚';'material.product_category_material_1_1_4'
'material.product_category_material_1_1_4_021';'021';'0.21mm(不含铜)板厚';'material.product_category_material_1_1_4'
'material.product_category_material_1_1_4_025';'025';'0.25mm(不含铜)板厚';'material.product_category_material_1_1_4'
'material.product_category_material_1_1_4_020';'020';'0.20mm板厚';'material.product_category_material_1_1_4'
'material.product_category_material_1_1_4_030';'030';'0.30mm板厚';'material.product_category_material_1_1_4'
'material.product_category_material_1_1_4_040';'040';'0.40mm板厚';'material.product_category_material_1_1_4'
'material.product_category_material_1_1_4_050';'050';'0.50mm板厚';'material.product_category_material_1_1_4'
'material.product_category_material_1_1_4_060';'060';'0.60mm板厚';'material.product_category_material_1_1_4'
'material.product_category_material_1_1_4_070';'070';'0.70mm板厚';'material.product_category_material_1_1_4'
'material.product_category_material_1_1_4_080';'080';'0.80mm板厚';'material.product_category_material_1_1_4'
'material.product_category_material_1_1_4_090';'090';'0.90mm板厚';'material.product_category_material_1_1_4'
'material.product_category_material_1_1_4_100';'100';'1.00mm板厚';'material.product_category_material_1_1_4'
'material.product_category_material_1_1_4_110';'110';'1.10mm板厚';'material.product_category_material_1_1_4'
'material.product_category_material_1_1_4_120';'120';'1.20mm板厚';'material.product_category_material_1_1_4'
'material.product_category_material_1_1_4_130';'130';'1.30mm板厚';'material.product_category_material_1_1_4'
'material.product_category_material_1_1_4_140';'140';'1.40mm板厚';'material.product_category_material_1_1_4'
'material.product_category_material_1_1_4_150';'150';'1.50mm板厚';'material.product_category_material_1_1_4'
'material.product_category_material_1_1_4_160';'160';'1.60mm板厚';'material.product_category_material_1_1_4'
'material.product_category_material_1_1_4_180';'180';'1.80mm板厚';'material.product_category_material_1_1_4'
'material.product_category_material_1_1_4_200';'200';'2.00mm板厚';'material.product_category_material_1_1_4'
'material.product_category_material_1_1_4_220';'220';'2.20mm板厚';'material.product_category_material_1_1_4'
'material.product_category_material_1_1_4_240';'240';'2.40mm板厚';'material.product_category_material_1_1_4'
'material.product_category_material_1_1_4_250';'250';'2.50mm板厚';'material.product_category_material_1_1_4'
'material.product_category_material_1_1_4_300';'300';'3.00mm板厚';'material.product_category_material_1_1_4'
'material.product_category_material_1_1_5_010';'010';'0.10mm(不含铜)板厚';'material.product_category_material_1_1_5'
'material.product_category_material_1_1_5_011';'011';'0.11mm(不含铜)板厚';'material.product_category_material_1_1_5'
'material.product_category_material_1_1_5_013';'013';'0.13mm(不含铜)板厚';'material.product_category_material_1_1_5'
'material.product_category_material_1_1_5_015';'015';'0.15mm(不含铜)板厚';'material.product_category_material_1_1_5'
'material.product_category_material_1_1_5_018';'018';'0.18mm(不含铜)板厚';'material.product_category_material_1_1_5'
'material.product_category_material_1_1_5_021';'021';'0.21mm(不含铜)板厚';'material.product_category_material_1_1_5'
'material.product_category_material_1_1_5_023';'023';'0.23mm(不含铜)板厚';'material.product_category_material_1_1_5'
'material.product_category_material_1_1_5_025';'025';'0.25mm(不含铜)板厚';'material.product_category_material_1_1_5'
'material.product_category_material_1_1_5_020';'020';'0.20mm板厚';'material.product_category_material_1_1_5'
'material.product_category_material_1_1_5_030';'030';'0.30mm板厚';'material.product_category_material_1_1_5'
'material.product_category_material_1_1_5_033';'033';'0.33mm(不含铜)板厚';'material.product_category_material_1_1_5'
'material.product_category_material_1_1_5_036';'036';'0.36mm(不含铜)板厚';'material.product_category_material_1_1_5'
'material.product_category_material_1_1_5_040';'040';'0.40mm板厚';'material.product_category_material_1_1_5'
'material.product_category_material_1_1_5_043';'043';'043mm(不含铜)板厚';'material.product_category_material_1_1_5'
'material.product_category_material_1_1_5_050';'050';'0.50mm板厚';'material.product_category_material_1_1_5'
'material.product_category_material_1_1_5_060';'060';'0.60mm板厚';'material.product_category_material_1_1_5'
'material.product_category_material_1_1_5_070';'070';'0.70mm板厚';'material.product_category_material_1_1_5'
'material.product_category_material_1_1_5_071';'071';'0.71mm(不含铜)板厚';'material.product_category_material_1_1_5'
'material.product_category_material_1_1_5_080';'080';'0.80mm板厚';'material.product_category_material_1_1_5'
'material.product_category_material_1_1_5_090';'090';'0.90mm板厚';'material.product_category_material_1_1_5'
'material.product_category_material_1_1_5_100';'100';'1.00mm板厚';'material.product_category_material_1_1_5'
'material.product_category_material_1_1_5_110';'110';'1.10mm板厚';'material.product_category_material_1_1_5'
'material.product_category_material_1_1_5_120';'120';'1.20mm板厚';'material.product_category_material_1_1_5'
'material.product_category_material_1_1_5_130';'130';'1.30mm板厚';'material.product_category_material_1_1_5'
'material.product_category_material_1_1_5_140';'140';'1.40mm板厚';'material.product_category_material_1_1_5'
'material.product_category_material_1_1_5_150';'150';'1.50mm板厚';'material.product_category_material_1_1_5'
'material.product_category_material_1_1_5_160';'160';'1.60mm板厚';'material.product_category_material_1_1_5'
'material.product_category_material_1_1_5_170';'170';'1.70mm板厚';'material.product_category_material_1_1_5'
'material.product_category_material_1_1_5_180';'180';'1.80mm板厚';'material.product_category_material_1_1_5'
'material.product_category_material_1_1_5_200';'200';'2.00mm板厚';'material.product_category_material_1_1_5'
'material.product_category_material_1_1_5_220';'220';'2.20mm板厚';'material.product_category_material_1_1_5'
'material.product_category_material_1_1_5_240';'240';'2.40mm板厚';'material.product_category_material_1_1_5'
'material.product_category_material_1_1_5_250';'250';'2.50mm板厚';'material.product_category_material_1_1_5'
'material.product_category_material_1_1_5_270';'270';'3.00mm板厚';'material.product_category_material_1_1_5'
'material.product_category_material_1_1_5_280';'280';'2.20mm板厚';'material.product_category_material_1_1_5'
'material.product_category_material_1_1_5_300';'300';'3.0mm板厚';'material.product_category_material_1_1_6'
'material.product_category_material_1_1_6_020';'020';'0.20mm板厚';'material.product_category_material_1_1_6'
'material.product_category_material_1_1_6_060';'060';'0.60mm板厚';'material.product_category_material_1_1_6'
'material.product_category_material_1_1_6_080';'080';'0.80mm板厚';'material.product_category_material_1_1_6'
'material.product_category_material_1_1_6_090';'090';'0.90mm板厚';'material.product_category_material_1_1_6'
'material.product_category_material_1_1_6_100';'100';'1.00mm板厚';'material.product_category_material_1_1_6'
'material.product_category_material_1_1_6_150';'150';'1.50mm板厚';'material.product_category_material_1_1_6'
'material.product_category_material_1_1_6_160';'160';'1.60mm板厚';'material.product_category_material_1_1_6'
'material.product_category_material_1_1_7_010';'010';'0.10mm(不含铜)板厚';'material.product_category_material_1_1_7'
'material.product_category_material_1_1_7_050';'050';'0.50mm板厚';'material.product_category_material_1_1_7'
'material.product_category_material_1_1_7_091';'091';'0.91mm(不含铜)板厚';'material.product_category_material_1_1_7'
'material.product_category_material_1_1_7_150';'150';'1.50mm板厚';'material.product_category_material_1_1_7'
'material.product_category_material_1_1_7_160';'160';'1.60mm板厚';'material.product_category_material_1_1_7'
'material.product_category_material_1_1_7_030';'030';'0.30mm板厚';'material.product_category_material_1_1_7'
'material.product_category_material_1_1_7_120';'120';'1.20mm板厚';'material.product_category_material_1_1_7'
'material.product_category_material_1_1_8_076';'076';'0.76mm(不含铜)板厚';'material.product_category_material_1_1_8'
'material.product_category_material_1_1_9_076';'076';'0.76mm(不含铜)板厚';'material.product_category_material_1_1_9'
'material.product_category_material_1_1_9_020';'‘020';'0.2mm板厚';'material.product_category_material_1_1_9'
'material.product_category_material_1_1_9_0145';'’0145';'0.145mm板厚';'material.product_category_material_1_1_9'
'material.product_category_material_1_1_10_080';'080';'0.80mm板厚';'material.product_category_material_1_1_10'
'material.product_category_material_1_1_10_300';'300';'3.00mm板厚';'material.product_category_material_1_1_10'
'material.product_category_material_1_1_10_160';'160';'1.60mm板厚';'material.product_category_material_1_1_10'
'material.product_category_material_1_1_11_040';'040';'0.40mm板厚';'material.product_category_material_1_1_11'
'material.product_category_material_1_1_11_150';'150';'1.50mm板厚';'material.product_category_material_1_1_11'
'material.product_category_material_1_1_11_200';'200';'2.00mm板厚';'material.product_category_material_1_1_11'
'material.product_category_material_1_1_11_100';'100';'1.00mm板厚';'material.product_category_material_1_1_11'
'material.product_category_material_1_1_11_250';'250';'2.50mm板厚';'material.product_category_material_1_1_11'
'material.product_category_material_1_1_12_008';'008';'0.80mm板厚';'material.product_category_material_1_1_12'
'material.product_category_material_1_1_12_100';'100';'1.00mm板厚';'material.product_category_material_1_1_12'
'material.product_category_material_1_1_12_150';'150';'1.50mm板厚';'material.product_category_material_1_1_12'
'material.product_category_material_1_1_12_200';'200';'2.00mm板厚';'material.product_category_material_1_1_12'
'material.product_category_material_1_1_12_300';'300';'3.00mm板厚';'material.product_category_material_1_1_12'
'material.product_category_material_1_1_13_080';'080';'0.80mm板厚';'material.product_category_material_1_1_13'
'material.product_category_material_1_1_14_010';'010';'0.10mm(不含铜)板厚';'material.product_category_material_1_1_14'
'material.product_category_material_1_1_14_020';'020';'0.20mm板厚';'material.product_category_material_1_1_14'
'material.product_category_material_1_1_14_050';'050';'0.50mm板厚';'material.product_category_material_1_1_14'
'material.product_category_material_1_1_14_025';'025';'0.25mm板厚';'material.product_category_material_1_1_14'
'material.product_category_material_1_1_15_011';'011';'0.11mm(不含铜)板厚';'material.product_category_material_1_1_15'
'material.product_category_material_1_1_15_010';'010';'0.10mm(不含铜)板厚';'material.product_category_material_1_1_15'
'material.product_category_material_1_1_15_021';'021';'0.21mm(不含铜)板厚';'material.product_category_material_1_1_15'
'material.product_category_material_1_1_15_030';'030';'0.30mm板厚';'material.product_category_material_1_1_15'
'material.product_category_material_1_1_15_034';'034';'0.34mm板厚';'material.product_category_material_1_1_15'
'material.product_category_material_1_1_15_040';'040';'0.40mm板厚';'material.product_category_material_1_1_15'
'material.product_category_material_1_1_15_050';'050';'0.50mm板厚';'material.product_category_material_1_1_15'
'material.product_category_material_1_1_15_060';'060';'0.60mm板厚';'material.product_category_material_1_1_15'
'material.product_category_material_1_1_15_070';'070';'0.70mm板厚';'material.product_category_material_1_1_15'
'material.product_category_material_1_1_15_080';'080';'0.80mm板厚';'material.product_category_material_1_1_15'
'material.product_category_material_1_1_15_090';'090';'0.90mm板厚';'material.product_category_material_1_1_15'
'material.product_category_material_1_1_15_100';'100';'1.00mm板厚';'material.product_category_material_1_1_15'
'material.product_category_material_1_1_15_120';'120';'1.20mm板厚';'material.product_category_material_1_1_15'
'material.product_category_material_1_1_15_130';'130';'1.30mm板厚';'material.product_category_material_1_1_15'
'material.product_category_material_1_1_15_150';'150';'1.50mm板厚';'material.product_category_material_1_1_15'
'material.product_category_material_1_1_15_160';'160';'1.60mm板厚';'material.product_category_material_1_1_15'
'material.product_category_material_1_1_15_200';'200';'2.00mm板厚';'material.product_category_material_1_1_15'
'material.product_category_material_1_1_15_240';'240';'2.40mm板厚';'material.product_category_material_1_1_15'
'material.product_category_material_1_1_16_010';'010';'0.10mm(不含铜)板厚';'material.product_category_material_1_1_16'
'material.product_category_material_1_1_16_011';'011';'0.11mm(不含铜)板厚';'material.product_category_material_1_1_16'
'material.product_category_material_1_1_16_015';'015';'0.15mm(不含铜)板厚';'material.product_category_material_1_1_16'
'material.product_category_material_1_1_16_018';'018';'0.18mm(不含铜)板厚';'material.product_category_material_1_1_16'
'material.product_category_material_1_1_16_013';'013';'0.13mm(不含铜)板厚';'material.product_category_material_1_1_16'
'material.product_category_material_1_1_16_020';'020';'0.20mm板厚';'material.product_category_material_1_1_16'
'material.product_category_material_1_1_16_021';'021';'0.21mm(不含铜)板厚';'material.product_category_material_1_1_16'
'material.product_category_material_1_1_16_024';'024';'0.24mm(不含铜)板厚';'material.product_category_material_1_1_16'
'material.product_category_material_1_1_16_025';'025';'0.25mm板厚';'material.product_category_material_1_1_16'
'material.product_category_material_1_1_16_030';'030';'0.30mm板厚';'material.product_category_material_1_1_16'
'material.product_category_material_1_1_16_035';'035';'0.35mm板厚';'material.product_category_material_1_1_16'
'material.product_category_material_1_1_16_040';'040';'0.40mm板厚';'material.product_category_material_1_1_16'
'material.product_category_material_1_1_16_044';'044';'0.44mm板厚';'material.product_category_material_1_1_16'
'material.product_category_material_1_1_16_045';'045';'0.45mm板厚';'material.product_category_material_1_1_16'
'material.product_category_material_1_1_16_050';'050';'0.50mm板厚';'material.product_category_material_1_1_16'
'material.product_category_material_1_1_16_057';'057';'0.57mm板厚';'material.product_category_material_1_1_16'
'material.product_category_material_1_1_16_060';'060';'0.60mm板厚';'material.product_category_material_1_1_16'
'material.product_category_material_1_1_16_064';'064';'0.64mm板厚';'material.product_category_material_1_1_16'
'material.product_category_material_1_1_16_065';'065';'0.65mm板厚';'material.product_category_material_1_1_16'
'material.product_category_material_1_1_16_067';'067';'0.67mm板厚';'material.product_category_material_1_1_16'
'material.product_category_material_1_1_16_070';'070';'0.70mm板厚';'material.product_category_material_1_1_16'
'material.product_category_material_1_1_16_074';'074';'0.74mm板厚';'material.product_category_material_1_1_16'
'material.product_category_material_1_1_16_080';'080';'0.80mm板厚';'material.product_category_material_1_1_16'
'material.product_category_material_1_1_16_082';'082';'0.82mm板厚';'material.product_category_material_1_1_16'
'material.product_category_material_1_1_16_090';'090';'0.90mm板厚';'material.product_category_material_1_1_16'
'material.product_category_material_1_1_16_100';'100';'1.00mm板厚';'material.product_category_material_1_1_16'
'material.product_category_material_1_1_16_110';'110';'1.10mm板厚';'material.product_category_material_1_1_16'
'material.product_category_material_1_1_16_120';'120';'1.20mm板厚';'material.product_category_material_1_1_16'
'material.product_category_material_1_1_16_130';'130';'1.30mm板厚';'material.product_category_material_1_1_16'
'material.product_category_material_1_1_16_140';'140';'1.40mm板厚';'material.product_category_material_1_1_16'
'material.product_category_material_1_1_16_150';'150';'1.50mm板厚';'material.product_category_material_1_1_16'
'material.product_category_material_1_1_16_160';'160';'1.60mm板厚';'material.product_category_material_1_1_16'
'material.product_category_material_1_1_16_170';'170';'1.70mm板厚';'material.product_category_material_1_1_16'
'material.product_category_material_1_1_16_180';'180';'1.80mm板厚';'material.product_category_material_1_1_16'
'material.product_category_material_1_1_16_200';'200';'2.00mm板厚';'material.product_category_material_1_1_16'
'material.product_category_material_1_1_16_220';'220';'2.20mm板厚';'material.product_category_material_1_1_16'
'material.product_category_material_1_1_16_230';'230';'2.30mm板厚';'material.product_category_material_1_1_16'
'material.product_category_material_1_1_16_240';'240';'2.40mm板厚';'material.product_category_material_1_1_16'
'material.product_category_material_1_1_16_250';'250';'2.50mm板厚';'material.product_category_material_1_1_16'
'material.product_category_material_1_1_16_260';'260';'2.60mm板厚';'material.product_category_material_1_1_16'
'material.product_category_material_1_1_16_270';'270';'2.70mm板厚';'material.product_category_material_1_1_16'
'material.product_category_material_1_1_16_280';'280';'2.80mm板厚';'material.product_category_material_1_1_16'
'material.product_category_material_1_1_16_300';'300';'3.00mm板厚';'material.product_category_material_1_1_16'
'material.product_category_material_1_1_17_020';'020';'0.20mm板厚(8mil)';'material.product_category_material_1_1_17'
'material.product_category_material_1_1_17_030';'030';'0.30mm板厚(12mil)';'material.product_category_material_1_1_17'
'material.product_category_material_1_1_17_032';'032';'0.32mm板厚(12.7mil)';'material.product_category_material_1_1_17'
'material.product_category_material_1_1_17_040';'040';'0.40mm板厚(16mil)';'material.product_category_material_1_1_17'
'material.product_category_material_1_1_17_050';'050';'0.50mm板厚(20mil)';'material.product_category_material_1_1_17'
'material.product_category_material_1_1_17_081';'081';'0.81mm板厚(32mil)';'material.product_category_material_1_1_17'
'material.product_category_material_1_1_17_152';'152';'1.52mm板厚(60mil)';'material.product_category_material_1_1_17'
'material.product_category_material_1_1_18_010';'010';'0.10mm板厚(4mil)';'material.product_category_material_1_1_18'
'material.product_category_material_1_1_18_016';'016';'0.16mm板厚(6.6mil)';'material.product_category_material_1_1_18'
'material.product_category_material_1_1_18_025';'025';'0.25mm板厚(10mil)';'material.product_category_material_1_1_18'
'material.product_category_material_1_1_18_033';'033';'0.33mm板厚(13.3mil)';'material.product_category_material_1_1_18'
'material.product_category_material_1_1_18_042';'042';'0.42mm板厚(16.6mil)';'material.product_category_material_1_1_18'
'material.product_category_material_1_1_18_050';'050';'0.50mm板厚(20mil)';'material.product_category_material_1_1_18'
'material.product_category_material_1_1_18_076';'076';'0.76mm板厚(30mil)';'material.product_category_material_1_1_18'
'material.product_category_material_1_1_18_152';'152';'1.52mm板厚(60mil)';'material.product_category_material_1_1_18'
'material.product_category_material_1_1_19_050';'050';'0.50mm板厚(20mil)';'material.product_category_material_1_1_19'
'material.product_category_material_1_1_19_012';'012';'0.12mm板厚(5mil)';'material.product_category_material_1_1_19'
'material.product_category_material_1_1_19_079';'079';'0.79mm板厚(31mil)';'material.product_category_material_1_1_19'
'material.product_category_material_1_1_19_025';'025';'0.25mm板厚(10mil)';'material.product_category_material_1_1_19'
'material.product_category_material_1_1_20_050';'050';'0.50mm板厚(20mil)';'material.product_category_material_1_1_20'
'material.product_category_material_1_1_21_064';'064';'0.64mm板厚(25mil)';'material.product_category_material_1_1_21'
'material.product_category_material_1_1_21_127';'127';'1.27mm板厚(50mil)';'material.product_category_material_1_1_21'
'material.product_category_material_1_1_22_317';'317';'3.17mm板厚';'material.product_category_material_1_1_22'
'material.product_category_material_1_1_23_025';'025';'0.25mm板厚(10mil)';'material.product_category_material_1_1_23'
'material.product_category_material_1_1_23_152';'152';'1.52mm板厚(60mil)';'material.product_category_material_1_1_23'
'material.product_category_material_1_1_24_076';'076';'0.76mm板厚';'material.product_category_material_1_1_24'
'material.product_category_material_1_1_24_305';'305';'3.05mm板厚';'material.product_category_material_1_1_24'
'material.product_category_material_1_1_24_196';'196';'1.96mm板厚';'material.product_category_material_1_1_24'
'material.product_category_material_1_1_24_013';'013';'0.13mm板厚';'material.product_category_material_1_1_24'
'material.product_category_material_1_1_24_1016';'1016';'1.016mm板厚';'material.product_category_material_1_1_24'
'material.product_category_material_1_1_25_076';'076';'0.76mm板厚';'material.product_category_material_1_1_25'
'material.product_category_material_1_1_25_078';'078';'0.78mm板厚';'material.product_category_material_1_1_25'
'material.product_category_material_1_1_25_114';'114';'1.14mm板厚';'material.product_category_material_1_1_25'
'material.product_category_material_1_1_26_127';'127';'1.27mm板厚';'material.product_category_material_1_1_26'
'material.product_category_material_1_1_26_178';'178';'1.78mm板厚';'material.product_category_material_1_1_26'
'material.product_category_material_1_1_26_050';'050';'0.50mm板厚';'material.product_category_material_1_1_26'
'material.product_category_material_1_1_27_025';'025';'0.25mm板厚';'material.product_category_material_1_1_27'
'material.product_category_material_1_1_27_050';'050';'0.50mm板厚';'material.product_category_material_1_1_27'
'material.product_category_material_1_1_28_025';'025';'0.25mm板厚';'material.product_category_material_1_1_28'
'material.product_category_material_1_1_28_051';'051';'0.51mm板厚';'material.product_category_material_1_1_28'
'material.product_category_material_1_1_28_076';'076';'0.76mm板厚';'material.product_category_material_1_1_28'
'material.product_category_material_1_1_28_078';'078';'0.78mm板厚';'material.product_category_material_1_1_28'
'material.product_category_material_1_1_28_127';'127';'1.27mm板厚';'material.product_category_material_1_1_28'
'material.product_category_material_1_1_28_157';'157';'1.57mm板厚';'material.product_category_material_1_1_28'
'material.product_category_material_1_1_28_317';'317';'3.17mm板厚';'material.product_category_material_1_1_28'
'material.product_category_material_1_1_29_162';'162';'1.62mm板厚';'material.product_category_material_1_1_29'
'material.product_category_material_1_1_30_025';'025';'0.25mm板厚';'material.product_category_material_1_1_30'
'material.product_category_material_1_1_30_050';'050';'0.50mm板厚';'material.product_category_material_1_1_30'
'material.product_category_material_1_1_31_233';'233';'2.33mm板厚';'material.product_category_material_1_1_31'
'material.product_category_material_1_1_31_152';'152';'1.52mm板厚';'material.product_category_material_1_1_31'
'material.product_category_material_1_1_32_078';'078';'0.78mm板厚';'material.product_category_material_1_1_32'
'material.product_category_material_1_1_32_050';'050';'0.50mm板厚';'material.product_category_material_1_1_32'
'material.product_category_material_1_1_32_025';'025';'0.25mm板厚';'material.product_category_material_1_1_32'
'material.product_category_material_1_1_33_076';'076';'0.76mm板厚';'material.product_category_material_1_1_33'
'material.product_category_material_1_1_34_076';'076';'0.76mm板厚';'material.product_category_material_1_1_34'
'material.product_category_material_1_1_34_152';'152';'1.52mm板厚';'material.product_category_material_1_1_34'
'material.product_category_material_1_1_34_050';'050';'0.50mm板厚';'material.product_category_material_1_1_34'
'material.product_category_material_1_1_35_063';'063';'0.63mm板厚';'material.product_category_material_1_1_35'
'material.product_category_material_1_1_36_152';'152';'1.52mm板厚';'material.product_category_material_1_1_36'
'material.product_category_material_1_1_36_076';'076';'0.76mm板厚';'material.product_category_material_1_1_36'
'material.product_category_material_1_1_36_063';'063';'0.63mm板厚';'material.product_category_material_1_1_36'
'material.product_category_material_1_1_37_050';'050';'0.50mm板厚';'material.product_category_material_1_1_37'
'material.product_category_material_1_1_37_025';'025';'0.25mm板厚';'material.product_category_material_1_1_37'
'material.product_category_material_1_1_37_076';'076';'0.76mm板厚';'material.product_category_material_1_1_37'
'material.product_category_material_1_1_39_081';'081';'0.81mm板厚';'material.product_category_material_1_1_39'
'material.product_category_material_1_1_40_127';'127';'1.27mm板厚';'material.product_category_material_1_1_40'
'material.product_category_material_1_1_40_050';'050';'0.50mm板厚';'material.product_category_material_1_1_40'
'material.product_category_material_1_1_40_025';'025';'0.25mm板厚';'material.product_category_material_1_1_40'
'material.product_category_material_1_1_40_076';'076';'0.76mm板厚';'material.product_category_material_1_1_40'
'material.product_category_material_1_1_40_070';'070';'0.70mm板厚';'material.product_category_material_1_1_40'
'material.product_category_material_1_1_41_050';'050';'0.50mm板厚';'material.product_category_material_1_1_41'
'material.product_category_material_1_1_41_025';'025';'0.25mm板厚';'material.product_category_material_1_1_41'
'material.product_category_material_1_1_41_076';'076';'0.76mm板厚';'material.product_category_material_1_1_41'
'material.product_category_material_1_1_41_147';'147';'1.47mm板厚';'material.product_category_material_1_1_41'
'material.product_category_material_1_1_42_050';'050';'0.50mm板厚';'material.product_category_material_1_1_42'
'material.product_category_material_1_1_42_025';'025';'0.25mm板厚';'material.product_category_material_1_1_42'
'material.product_category_material_1_1_42_076';'076';'0.76mm板厚';'material.product_category_material_1_1_42'
'material.product_category_material_1_1_42_030';'030';'0.30mm板厚';'material.product_category_material_1_1_42'
'material.product_category_material_1_1_42_020';'020';'0.20mm板厚';'material.product_category_material_1_1_42'
'material.product_category_material_1_1_42_152';'152';'1.52mm板厚';'material.product_category_material_1_1_42'
'material.product_category_material_1_1_43_050';'050';'0.50mm板厚';'material.product_category_material_1_1_43'
'material.product_category_material_1_1_43_025';'025';'0.25mm板厚';'material.product_category_material_1_1_43'
'material.product_category_material_1_1_43_152';'152';'1.52mm板厚';'material.product_category_material_1_1_43'
'material.product_category_material_1_1_43_149';'149';'1.49mm板厚';'material.product_category_material_1_1_43'
'material.product_category_material_1_1_43_063';'063';'0.63mm板厚';'material.product_category_material_1_1_43'
'material.product_category_material_1_1_44_076';'076';'0.76mm板厚';'material.product_category_material_1_1_44'
'material.product_category_material_1_1_44_317';'317';'3.17mm板厚';'material.product_category_material_1_1_44'
'material.product_category_material_1_1_44_050';'050';'0.50mm板厚';'material.product_category_material_1_1_44'
'material.product_category_material_1_1_44_152';'152';'1.52mm板厚';'material.product_category_material_1_1_44'
'material.product_category_material_1_1_44_203';'203';'2.03mm板厚';'material.product_category_material_1_1_44'
'material.product_category_material_1_1_45_076';'076';'0.76mm板厚';'material.product_category_material_1_1_45'
'material.product_category_material_1_1_45_152';'152';'1.52mm板厚';'material.product_category_material_1_1_45'
'material.product_category_material_1_1_45_101';'101';'1.01mm板厚';'material.product_category_material_1_1_45'
'material.product_category_material_1_1_46_152';'152';'1.52mm板厚';'material.product_category_material_1_1_46'
'material.product_category_material_1_1_46_076';'076';'0.76mm板厚';'material.product_category_material_1_1_46'
'material.product_category_material_1_1_46_050';'050';'0.50mm板厚';'material.product_category_material_1_1_46'
'material.product_category_material_1_1_46_157';'157';'1.57mm板厚';'material.product_category_material_1_1_46'
'material.product_category_material_1_1_47_076';'076';'0.76mm板厚';'material.product_category_material_1_1_47'
'material.product_category_material_1_1_47_050';'050';'0.50mm板厚';'material.product_category_material_1_1_47'
'material.product_category_material_1_1_48_076';'076';'0.76mm板厚';'material.product_category_material_1_1_48'
'material.product_category_material_1_1_48_050';'050';'0.50mm板厚';'material.product_category_material_1_1_48'
'material.product_category_material_1_1_48_078';'078';'0.78mm板厚';'material.product_category_material_1_1_48'
'material.product_category_material_1_1_49_127';'127';'1.27mm板厚';'material.product_category_material_1_1_49'
'material.product_category_material_1_1_49_152';'152';'1.52mm板厚';'material.product_category_material_1_1_49'
'material.product_category_material_1_1_50_157';'157';'1.57mm板厚';'material.product_category_material_1_1_50'
'material.product_category_material_1_1_50_149';'149';'1.49mm板厚';'material.product_category_material_1_1_50'
'material.product_category_material_1_1_50_060';'060';'0.60mm板厚';'material.product_category_material_1_1_50'
'material.product_category_material_1_1_50_076';'076';'0.76mm板厚';'material.product_category_material_1_1_50'
'material.product_category_material_1_1_50_102';'102';'1.02mm板厚';'material.product_category_material_1_1_50'
'material.product_category_material_1_1_51_157';'157';'1.57mm板厚';'material.product_category_material_1_1_51'
'material.product_category_material_1_1_52_076';'076';'0.76mm板厚';'material.product_category_material_1_1_52'
'material.product_category_material_1_1_53_076';'076';'0.76mm板厚';'material.product_category_material_1_1_53'
'material.product_category_material_1_1_54_076';'076';'0.76mm板厚';'material.product_category_material_1_1_54'
'material.product_category_material_1_1_54_050';'050';'0.50mm板厚';'material.product_category_material_1_1_54'
'material.product_category_material_1_1_54_025';'025';'0.25mm板厚';'material.product_category_material_1_1_54'
'material.product_category_material_1_1_55_076';'076';'0.76mm板厚';'material.product_category_material_1_1_55'
'material.product_category_material_1_1_55_012';'012';'0.12mm板厚';'material.product_category_material_1_1_55'
'material.product_category_material_1_1_55_236';'236';'2.36mm板厚';'material.product_category_material_1_1_55'
'material.product_category_material_1_1_55_101';'101';'1.01mm板厚';'material.product_category_material_1_1_55'
'material.product_category_material_1_1_55_025';'025';'0.25mm板厚';'material.product_category_material_1_1_55'
'material.product_category_material_1_1_56_050';'050';'0.50mm板厚';'material.product_category_material_1_1_56'
'material.product_category_material_1_1_57_060';'060';'0.60mm板厚';'material.product_category_material_1_1_57'
'material.product_category_material_1_1_57_050';'050';'0.50mm板厚';'material.product_category_material_1_1_57'
'material.product_category_material_1_1_57_076';'076';'0.76mm板厚';'material.product_category_material_1_1_57'
'material.product_category_material_1_1_58_010';'010';'0.10mm板厚';'material.product_category_material_1_1_58'
'material.product_category_material_1_1_58_076';'076';'0.76mm板厚';'material.product_category_material_1_1_58'
'material.product_category_material_1_1_58_051';'051';'0.51mm板厚';'material.product_category_material_1_1_58'
'material.product_category_material_1_1_59_078';'078';'0.78mm板厚';'material.product_category_material_1_1_59'
'material.product_category_material_1_1_60_063';'063';'0.63mm板厚';'material.product_category_material_1_1_60'
'material.product_category_material_1_1_60_100';'100';'1.00mm板厚';'material.product_category_material_1_1_60'
'material.product_category_material_1_1_60_076';'076';'0.76mm板厚';'material.product_category_material_1_1_60'
'material.product_category_material_1_1_60_038';'038';'0.38mm板厚';'material.product_category_material_1_1_60'
'material.product_category_material_1_1_60_050';'050';'0.50mm板厚';'material.product_category_material_1_1_60'
'material.product_category_material_1_1_60_200';'200';'2.00mm板厚';'material.product_category_material_1_1_60'
'material.product_category_material_1_1_61_050';'050';'0.50mm板厚';'material.product_category_material_1_1_61'
'material.product_category_material_1_1_62_100';'100';'1.00mm板厚';'material.product_category_material_1_1_62'
'material.product_category_material_1_1_62_140';'140';'1.4mm板厚';'material.product_category_material_1_1_62'
'material.product_category_material_1_1_62_157';'157';'1.57mm板厚';'material.product_category_material_1_1_62'
'material.product_category_material_1_1_63_100';'100';'1.00mm板厚';'material.product_category_material_1_1_63'
'material.product_category_material_1_1_63_160';'160';'1.60mm板厚';'material.product_category_material_1_1_63'
'material.product_category_material_1_1_63_200';'200';'2.00mm板厚';'material.product_category_material_1_1_63'
'material.product_category_material_1_1_64_014';'014';'1.4mm板厚';'material.product_category_material_1_1_63'
'material.product_category_material_1_1_64_012';'012';'0.12mm板厚';'material.product_category_material_1_1_64'
'material.product_category_material_1_1_64_025';'025';'0.25mm板厚';'material.product_category_material_1_1_64'
'material.product_category_material_1_1_64_020';'020';'0.20mm板厚';'material.product_category_material_1_1_64'
'material.product_category_material_1_1_64_040';'040';'0.40mm板厚';'material.product_category_material_1_1_64'
'material.product_category_material_1_1_64_050';'050';'0.50mm板厚';'material.product_category_material_1_1_64'
'material.product_category_material_1_1_64_060';'060';'0.60mm板厚';'material.product_category_material_1_1_64'
'material.product_category_material_1_1_64_070';'070';'0.70mm板厚';'material.product_category_material_1_1_64'
'material.product_category_material_1_1_64_080';'080';'0.80mm板厚';'material.product_category_material_1_1_64'
'material.product_category_material_1_1_64_090';'090';'0.90mm板厚';'material.product_category_material_1_1_64'
'material.product_category_material_1_1_64_100';'010';'0.10mm板厚';'material.product_category_material_1_1_64'
'material.product_category_material_1_1_64_120';'120';'1.20mm板厚';'material.product_category_material_1_1_64'
'material.product_category_material_1_1_64_150';'150';'1.50mm板厚';'material.product_category_material_1_1_64'
'material.product_category_material_1_1_64_200';'200';'2.00mm板厚';'material.product_category_material_1_1_64'
'material.product_category_material_1_1_64_220';'220';'2.20mm板厚';'material.product_category_material_1_1_64'
'material.product_category_material_1_1_64_230';'230';'2.30mm板厚';'material.product_category_material_1_1_64'
'material.product_category_material_1_1_64_307';'307';'3.07mm板厚';'material.product_category_material_1_1_64'
'material.product_category_material_1_1_64_310';'310';'3.10mm板厚';'material.product_category_material_1_1_64'
'material.product_category_material_1_1_64_350';'350';'3.50mm板厚';'material.product_category_material_1_1_64'
'material.product_category_material_1_1_64_400';'400';'4.00mm板厚';'material.product_category_material_1_1_64'
'material.product_category_material_1_1_64_450';'450';'4.50mm板厚';'material.product_category_material_1_1_64'
'material.product_category_material_1_1_65_180';'180';'1.80mm板厚';'material.product_category_material_1_1_65'
'material.product_category_material_1_1_65_140';'140';'1.4mm板厚';'material.product_category_material_1_1_65'
'material.product_category_material_1_1_65_850';'850';'8.50mm板厚';'material.product_category_material_1_1_65'
'material.product_category_material_1_1_65_900';'900';'9.00mm板厚';'material.product_category_material_1_1_65'
'material.product_category_material_1_1_65_800';'800';'8.00mm板厚';'material.product_category_material_1_1_65'
'material.product_category_material_1_1_65_1000';'1000';'10.00mm板厚';'material.product_category_material_1_1_65'
'material.product_category_material_1_1_65_100';'100';'1.00mm板厚';'material.product_category_material_1_1_65'
'material.product_category_material_1_1_65_500';'500';'5.00mm板厚';'material.product_category_material_1_1_65'
'material.product_category_material_1_1_65_300';'300';'3.00mm板厚';'material.product_category_material_1_1_65'
'material.product_category_material_1_1_66_160';'160';'1.60mm板厚';'material.product_category_material_1_1_66'
'material.product_category_material_1_1_66_070';'070';'0.70mm板厚';'material.product_category_material_1_1_66'
'material.product_category_material_1_1_66_080';'080';'0.80mm板厚';'material.product_category_material_1_1_66'
'material.product_category_material_1_1_66_150';'150';'1.50mm板厚';'material.product_category_material_1_1_66'
'material.product_category_material_1_1_67_050';'050';'0.50mm板厚';'material.product_category_material_1_1_67'
'material.product_category_material_1_1_68_076';'076';'0.76mm板厚';'material.product_category_material_1_1_68'
'material.product_category_material_1_1_69_020';'020';'0.20mm板厚';'material.product_category_material_1_1_69'
'material.product_category_material_1_1_69_023';'023';'0.23mm板厚';'material.product_category_material_1_1_69'
'material.product_category_material_1_1_69_025';'025';'0.25mm板厚';'material.product_category_material_1_1_69'
'material.product_category_material_1_1_70_060';'060';'0.60mm板厚';'material.product_category_material_1_1_70'
'material.product_category_material_1_1_71_063';'063';'0.63mm板厚';'material.product_category_material_1_1_71'
'material.product_category_material_1_1_71_025';'025';'0.25mm板厚';'material.product_category_material_1_1_71'
'material.product_category_material_1_1_71_127';'127';'1.27mm板厚';'material.product_category_material_1_1_71'
'material.product_category_material_1_1_71_050';'050';'0.50mm板厚';'material.product_category_material_1_1_71'
'material.product_category_material_1_1_72_076';'076';'0.76mm板厚';'material.product_category_material_1_1_72'
'material.product_category_material_1_1_73_100';'100';'1.00mm板厚';'material.product_category_material_1_1_73'
'material.product_category_material_1_1_73_010';'010';'0.10mm板厚';'material.product_category_material_1_1_73'
'material.product_category_material_1_1_73_150';'150';'1.50mm板厚';'material.product_category_material_1_1_73'
'material.product_category_material_1_1_74_160';'160';'1.60mm板厚';'material.product_category_material_1_1_74'
'material.product_category_material_1_1_74_020';'020';'0.20mm板厚';'material.product_category_material_1_1_74'
'material.product_category_material_1_1_74_030';'030';'0.30mm板厚';'material.product_category_material_1_1_74'
'material.product_category_material_1_1_74_050';'050';'0.50mm板厚';'material.product_category_material_1_1_74'
'material.product_category_material_1_1_74_060';'060';'0.60mm板厚';'material.product_category_material_1_1_74'
'material.product_category_material_1_1_74_070';'070';'0.70mm板厚';'material.product_category_material_1_1_74'
'material.product_category_material_1_1_74_080';'080';'0.80mm板厚';'material.product_category_material_1_1_74'
'material.product_category_material_1_1_74_090';'090';'0.90mm板厚';'material.product_category_material_1_1_74'
'material.product_category_material_1_1_74_100';'100';'1.00mm板厚';'material.product_category_material_1_1_74'
'material.product_category_material_1_1_74_110';'110';'1.10mm板厚';'material.product_category_material_1_1_74'
'material.product_category_material_1_1_74_038';'038';'0.38mm板厚';'material.product_category_material_1_1_74'
'material.product_category_material_1_1_74_150';'150';'1.50mm板厚';'material.product_category_material_1_1_74'
'material.product_category_material_1_1_74_120';'120';'1.20mm板厚';'material.product_category_material_1_1_74'
'material.product_category_material_1_1_74_140';'140';'1.40mm板厚';'material.product_category_material_1_1_74'
'material.product_category_material_1_1_75_010';'010';'0.10mm板厚';'material.product_category_material_1_1_75'
'material.product_category_material_1_1_75_011';'011';'0.11mm板厚';'material.product_category_material_1_1_75'
'material.product_category_material_1_1_75_013';'013';'0.13mm板厚';'material.product_category_material_1_1_75'
'material.product_category_material_1_1_75_018';'018';'0.18mm板厚';'material.product_category_material_1_1_75'
'material.product_category_material_1_1_75_020';'020';'0.20mm板厚';'material.product_category_material_1_1_75'
'material.product_category_material_1_1_75_040';'040';'0.40mm板厚';'material.product_category_material_1_1_75'
'material.product_category_material_1_1_75_050';'050';'0.50mm板厚';'material.product_category_material_1_1_75'
'material.product_category_material_1_1_75_060';'060';'0.60mm板厚';'material.product_category_material_1_1_75'
'material.product_category_material_1_1_75_070';'070';'0.70mm板厚';'material.product_category_material_1_1_75'
'material.product_category_material_1_1_75_090';'090';'0.90mm板厚';'material.product_category_material_1_1_75'
'material.product_category_material_1_1_75_100';'100';'1.00mm板厚';'material.product_category_material_1_1_75'
'material.product_category_material_1_1_75_120';'120';'1.20mm板厚';'material.product_category_material_1_1_75'
'material.product_category_material_1_1_75_150';'150';'1.50mm板厚';'material.product_category_material_1_1_75'
'material.product_category_material_1_1_75_200';'200';'2.00mm板厚';'material.product_category_material_1_1_75'
'material.product_category_material_1_1_76_010';'010';'0.10mm板厚';'material.product_category_material_1_1_76'
'material.product_category_material_1_1_76_011';'011';'0.11mm板厚';'material.product_category_material_1_1_76'
'material.product_category_material_1_1_76_013';'013';'0.13mm板厚';'material.product_category_material_1_1_76'
'material.product_category_material_1_1_76_020';'020';'0.20mm板厚';'material.product_category_material_1_1_76'
'material.product_category_material_1_1_76_033';'033';'0.33mm板厚';'material.product_category_material_1_1_76'
'material.product_category_material_1_1_76_040';'040';'0.40mm板厚';'material.product_category_material_1_1_76'
'material.product_category_material_1_1_76_050';'050';'0.50mm板厚';'material.product_category_material_1_1_76'
'material.product_category_material_1_1_77_080';'080';'0.80mm板厚';'material.product_category_material_1_1_77'
'material.product_category_material_1_1_77_025';'025';'0.25mm板厚';'material.product_category_material_1_1_77'
'material.product_category_material_1_1_78_152';'152';'1.52mm板厚';'material.product_category_material_1_1_78'
'material.product_category_material_1_1_79_064';'064';'0.64mm板厚';'material.product_category_material_1_1_79'
'material.product_category_material_1_1_79_013';'013';'0.13mm板厚';'material.product_category_material_1_1_79'
'material.product_category_material_1_1_80_127';'127';'1.27mm板厚';'material.product_category_material_1_1_80'
'material.product_category_material_1_1_81_128';'010';'0.10mm板厚';'material.product_category_material_1_1_81'
'material.product_category_material_1_1_81_080';'080';'0.80mm板厚';'material.product_category_material_1_1_81'
'material.product_category_material_1_1_81_030';'030';'0.30mm板厚';'material.product_category_material_1_1_81'
'material.product_category_material_1_1_81_039';'039';'0.39mm板厚';'material.product_category_material_1_1_81'
'material.product_category_material_1_1_81_011';'011';'0.11mm板厚';'material.product_category_material_1_1_81'
'material.product_category_material_1_1_81_038';'038';'0.38mm板厚';'material.product_category_material_1_1_81'
'material.product_category_material_1_1_81_120';'120';'1.20mm板厚';'material.product_category_material_1_1_81'
'material.product_category_material_1_1_81_100';'100';'1.00mm板厚';'material.product_category_material_1_1_81'
'material.product_category_material_1_1_82_005';'005';'5mil板厚';'material.product_category_material_1_1_82'
'material.product_category_material_1_1_82_007';'007';'7mil板厚';'material.product_category_material_1_1_82'
'material.product_category_material_1_1_82_003';'003';'3mil板厚';'material.product_category_material_1_1_82'
'material.product_category_material_1_1_82_008';'008';'8mil板厚';'material.product_category_material_1_1_82'
'material.product_category_material_1_1_83_160';'160';'1.60mm板厚';'material.product_category_material_1_1_83'
'material.product_category_material_1_1_83_040';'040';'0.40mm板厚';'material.product_category_material_1_1_83'
'material.product_category_material_1_1_83_011';'011';'0.11mm板厚';'material.product_category_material_1_1_83'
'material.product_category_material_1_1_83_013';'013';'0.13mm板厚';'material.product_category_material_1_1_83'
'material.product_category_material_1_1_83_100';'100';'1.00mm板厚';'material.product_category_material_1_1_83'
'material.product_category_material_1_1_83_010';'010';'0.10mm(不含铜)板厚';'material.product_category_material_1_1_83'
'material.product_category_material_1_1_84_010';'010';'0.10mm(不含铜)板厚';'material.product_category_material_1_1_84'
'material.product_category_material_1_1_84_046';'046';'0.46mm(不含铜)板厚';'material.product_category_material_1_1_84'
'material.product_category_material_1_1_84_015';'015';'0.15mm(不含铜)板厚';'material.product_category_material_1_1_84'
'material.product_category_material_1_1_84_013';'013';'0.13mm(不含铜)板厚';'material.product_category_material_1_1_84'
'material.product_category_material_1_1_85_150';'150';'1.50mm板厚';'material.product_category_material_1_1_85'
'material.product_category_material_1_1_85_160';'160';'1.60mm板厚';'material.product_category_material_1_1_85'
'material.product_category_material_1_1_86_310';'310';'3.10mm板厚';'material.product_category_material_1_1_86'
'material.product_category_material_1_1_87_015';'015';'0.15mm(不含铜)板厚';'material.product_category_material_1_1_87'
'material.product_category_material_1_1_87_010';'010';'0.10mm(不含铜)板厚';'material.product_category_material_1_1_87'
'material.product_category_material_1_1_88_015';'015';'0.15mm(不含铜)板厚';'material.product_category_material_1_1_88'
'material.product_category_material_1_1_88_050';'050';'0.50mm板厚';'material.product_category_material_1_1_88'
'material.product_category_material_1_1_89_051';'051';'0.51mm(不含铜)板厚(20mil)';'material.product_category_material_1_1_89'
'material.product_category_material_1_1_90_060';'060';'0.60mm板厚';'material.product_category_material_1_1_90'
'material.product_category_material_1_1_91_076';'076';'0.76mm板厚';'material.product_category_material_1_1_91'
'material.product_category_material_1_1_91_050';'050';'0.50mm板厚';'material.product_category_material_1_1_91'
'material.product_category_material_1_6_0_000';'000';'RCC';'material.product_category_material_1_6_0'
'material.product_category_material_1_7_1_000';'000';'S0165';'material.product_category_material_1_7_1'
'material.product_category_material_1_7_2_000';'000';'S0401';'material.product_category_material_1_7_2'
'material.product_category_material_1_7_3_000';'000';'S1000-2';'material.product_category_material_1_7_3'
'material.product_category_material_1_7_3_001';'001';'S1000-2MP';'material.product_category_material_1_7_3'
'material.product_category_material_1_7_4_000';'000';'S1860B';'material.product_category_material_1_7_4'
'material.product_category_material_1_7_5_000';'000';'ARLON';'material.product_category_material_1_7_5'
'material.product_category_material_1_7_6_000';'000';'IT150DATC';'material.product_category_material_1_7_6'
'material.product_category_material_1_7_7_000';'000';'IT158';'material.product_category_material_1_7_7'
'material.product_category_material_1_7_8_000';'000';'IT180A';'material.product_category_material_1_7_8'
'material.product_category_material_1_7_9_000';'000';'S1000HB';'material.product_category_material_1_7_9'
'material.product_category_material_1_7_10_000';'000';'S0101';'material.product_category_material_1_7_10'
'material.product_category_material_1_7_11_000';'000';'SP170';'material.product_category_material_1_7_11'
'material.product_category_material_1_7_12_000';'000';'ST115B';'material.product_category_material_1_7_12'
'material.product_category_material_1_7_13_000';'000';'IT140GBS';'material.product_category_material_1_7_13'
'material.product_category_material_1_7_14_000';'000';'SH260';'material.product_category_material_1_7_14'
'material.product_category_material_1_7_15_000';'000';'SP120N';'material.product_category_material_1_7_15'
'material.product_category_material_1_7_16_000';'000';'S1150GB';'material.product_category_material_1_7_16'
'material.product_category_material_1_7_17_000';'000';'s1000';'material.product_category_material_1_7_17'
'material.product_category_material_1_7_18_000';'000';'S7439';'material.product_category_material_1_7_18'
'material.product_category_material_1_7_19_000';'000';'isola半固化片';'material.product_category_material_1_7_19'
'material.product_category_material_1_7_21_000';'000';'Rogers4450F';'material.product_category_material_1_7_21'
'material.product_category_material_1_7_22_000';'000';'高导热半固化片';'material.product_category_material_1_7_22'
'material.product_category_material_1_7_23_000';'000';'S1190半固化片';'material.product_category_material_1_7_23'
'material.product_category_material_1_7_24_000';'000';'台耀半固化片';'material.product_category_material_1_7_24'
'material.product_category_material_1_7_25_000';'000';'松下半固化片';'material.product_category_material_1_7_25'
'material.product_category_material_1_7_26_000';'000';'腾辉半固化片';'material.product_category_material_1_7_26'
'material.product_category_material_1_7_27_000';'000';'生益半固化片DP130N';'material.product_category_material_1_7_27'
'material.product_category_material_1_7_28_000';'000';'生益半固化片S7038B';'material.product_category_material_1_7_28'
'material.product_category_material_1_8_1_000';'000';'不流胶半固化片';'material.product_category_material_1_8_1'
'material.product_category_material_1_8_2_000';'000';'纯胶PP';'material.product_category_material_1_8_2'
'material.product_category_material_1_8_3_000';'000';'覆盖膜';'material.product_category_material_1_8_3'
'material.product_category_material_1_8_4_000';'000';'聚酰亚胺';'material.product_category_material_1_8_4'
'material.product_category_material_1_8_5_000';'000';'杜邦的板料';'material.product_category_material_1_8_5'
'material.product_category_material_1_8_6_000';'000';'联茂软板';'material.product_category_material_1_8_6'
'material.product_category_material_1_8_1_160';'160';'硅胶';'material.product_category_material_1_11_1'
